Whatsapp Number,COMMUNITY,TOWN,Sonta
233606482091,ABLEKUMA CENTRAL,ABLEKUMA,Arrivals
233470514533,ABLEKUMA CENTRAL,ABLEKUMA,BENMP
233213447165,ABLEKUMA CENTRAL,ABLEKUMA,Dancing Stars
233717452431,ABLEKUMA CENTRAL,ABLEKUMA,Film Stars
233327909416,ABLEKUMA CENTRAL,ABLEKUMA,Fragrance
233519976635,ABLEKUMA CENTRAL,ABLEKUMA,Greater Love Choir
233707422407,ABLEKUMA CENTRAL,ABLEKUMA,Sanctifiers
233742247000,ABLEKUMA CENTRAL,ABLEKUMA,Seeing and Hearing
233593570024,ABLEKUMA CENTRAL,ABLEKUMA,Telepastors
233066684001,ABLEKUMA CENTRAL,ABLEKUMA,Understanding Campaign
233070275511,ABLEKUMA CENTRAL,ABLEKUMA,Ushers
233997975816,ABLEKUMA SOUTH,ABLEKUMA,Arrivals
233190676695,ABLEKUMA SOUTH,ABLEKUMA,BENMP
233483398555,ABLEKUMA SOUTH,ABLEKUMA,Dancing Stars
233585513962,ABLEKUMA SOUTH,ABLEKUMA,Film Stars
233325153782,ABLEKUMA SOUTH,ABLEKUMA,Fragrance
233506506435,ABLEKUMA SOUTH,ABLEKUMA,Greater Love Choir
233617474315,ABLEKUMA SOUTH,ABLEKUMA,Sanctifiers
233681962038,ABLEKUMA SOUTH,ABLEKUMA,Seeing and Hearing
233638816413,ABLEKUMA SOUTH,ABLEKUMA,Telepastors
233749367279,ABLEKUMA SOUTH,ABLEKUMA,Understanding Campaign
233696580614,ABLEKUMA SOUTH,ABLEKUMA,Ushers
233254547758,ABOKOBI,ABOKOBI,Arrivals
233823217087,ABOKOBI,ABOKOBI,BENMP
233964320066,ABOKOBI,ABOKOBI,Dancing Stars
233531699437,ABOKOBI,ABOKOBI,Film Stars
233520870507,ABOKOBI,ABOKOBI,Fragrance
233712995114,ABOKOBI,ABOKOBI,Greater Love Choir
233945845112,ABOKOBI,ABOKOBI,Sanctifiers
233907954197,ABOKOBI,ABOKOBI,Seeing and Hearing
233778697155,ABOKOBI,ABOKOBI,Telepastors
233913882253,ABOKOBI,ABOKOBI,Understanding Campaign
233032971143,ABOKOBI,ABOKOBI,Ushers
233585902838,DANFA,ABOKOBI,Arrivals
233865580991,DANFA,ABOKOBI,BENMP
233505113107,DANFA,ABOKOBI,Dancing Stars
233188340823,DANFA,ABOKOBI,Film Stars
233039112165,DANFA,ABOKOBI,Fragrance
233081947283,DANFA,ABOKOBI,Greater Love Choir
233687590010,DANFA,ABOKOBI,Sanctifiers
233113027293,DANFA,ABOKOBI,Seeing and Hearing
233127354960,DANFA,ABOKOBI,Telepastors
233002301691,DANFA,ABOKOBI,Understanding Campaign
233443355284,DANFA,ABOKOBI,Ushers
233290512003,PANTANG,ABOKOBI,Arrivals
233622026626,PANTANG,ABOKOBI,BENMP
233226260887,PANTANG,ABOKOBI,Dancing Stars
233830313286,PANTANG,ABOKOBI,Film Stars
233320319191,PANTANG,ABOKOBI,Fragrance
233035780952,PANTANG,ABOKOBI,Greater Love Choir
233653043933,PANTANG,ABOKOBI,Sanctifiers
233378143766,PANTANG,ABOKOBI,Seeing and Hearing
233670161940,PANTANG,ABOKOBI,Telepastors
233740233083,PANTANG,ABOKOBI,Understanding Campaign
233356991339,PANTANG,ABOKOBI,Ushers
233797758984,AHWRASE,ABURI/ PEDUASE / KITASE,Arrivals
233474236140,AHWRASE,ABURI/ PEDUASE / KITASE,BENMP
233290536180,AHWRASE,ABURI/ PEDUASE / KITASE,Dancing Stars
233149113376,AHWRASE,ABURI/ PEDUASE / KITASE,Film Stars
233348196621,AHWRASE,ABURI/ PEDUASE / KITASE,Fragrance
233189907236,AHWRASE,ABURI/ PEDUASE / KITASE,Greater Love Choir
233190507644,AHWRASE,ABURI/ PEDUASE / KITASE,Sanctifiers
233364722913,AHWRASE,ABURI/ PEDUASE / KITASE,Seeing and Hearing
233674820951,AHWRASE,ABURI/ PEDUASE / KITASE,Telepastors
233765872896,AHWRASE,ABURI/ PEDUASE / KITASE,Understanding Campaign
233131528759,AHWRASE,ABURI/ PEDUASE / KITASE,Ushers
233308218008,AKROPONG,ABURI/ PEDUASE / KITASE,Arrivals
233026820906,AKROPONG,ABURI/ PEDUASE / KITASE,BENMP
233366871014,AKROPONG,ABURI/ PEDUASE / KITASE,Dancing Stars
233766632478,AKROPONG,ABURI/ PEDUASE / KITASE,Film Stars
233173299653,AKROPONG,ABURI/ PEDUASE / KITASE,Fragrance
233619571941,AKROPONG,ABURI/ PEDUASE / KITASE,Greater Love Choir
233968370813,AKROPONG,ABURI/ PEDUASE / KITASE,Sanctifiers
233040739521,AKROPONG,ABURI/ PEDUASE / KITASE,Seeing and Hearing
233133767552,AKROPONG,ABURI/ PEDUASE / KITASE,Telepastors
233021691597,AKROPONG,ABURI/ PEDUASE / KITASE,Understanding Campaign
233963049297,AKROPONG,ABURI/ PEDUASE / KITASE,Ushers
233690892350,TUTU,ABURI/ PEDUASE / KITASE,Arrivals
233771422009,TUTU,ABURI/ PEDUASE / KITASE,BENMP
233142377150,TUTU,ABURI/ PEDUASE / KITASE,Dancing Stars
233183540059,TUTU,ABURI/ PEDUASE / KITASE,Film Stars
233043255350,TUTU,ABURI/ PEDUASE / KITASE,Fragrance
233254401699,TUTU,ABURI/ PEDUASE / KITASE,Greater Love Choir
233485689553,TUTU,ABURI/ PEDUASE / KITASE,Sanctifiers
233947984153,TUTU,ABURI/ PEDUASE / KITASE,Seeing and Hearing
233751393309,TUTU,ABURI/ PEDUASE / KITASE,Telepastors
233555163845,TUTU,ABURI/ PEDUASE / KITASE,Understanding Campaign
233218692659,TUTU,ABURI/ PEDUASE / KITASE,Ushers
233286923109,ADABRAKA,ADABRAKA,Arrivals
233666789029,ADABRAKA,ADABRAKA,BENMP
233761619294,ADABRAKA,ADABRAKA,Dancing Stars
233046441582,ADABRAKA,ADABRAKA,Film Stars
233302461347,ADABRAKA,ADABRAKA,Fragrance
233762483504,ADABRAKA,ADABRAKA,Greater Love Choir
233156789114,ADABRAKA,ADABRAKA,Sanctifiers
233032102547,ADABRAKA,ADABRAKA,Seeing and Hearing
233567891913,ADABRAKA,ADABRAKA,Telepastors
233038803260,ADABRAKA,ADABRAKA,Understanding Campaign
233092924271,ADABRAKA,ADABRAKA,Ushers
233923613653,AMANFROM,ADENTA,Arrivals
233547822440,AMANFROM,ADENTA,BENMP
233101766090,AMANFROM,ADENTA,Dancing Stars
233496379131,AMANFROM,ADENTA,Film Stars
233500068511,AMANFROM,ADENTA,Fragrance
233760631576,AMANFROM,ADENTA,Greater Love Choir
233954089661,AMANFROM,ADENTA,Sanctifiers
233070407849,AMANFROM,ADENTA,Seeing and Hearing
233074947152,AMANFROM,ADENTA,Telepastors
233151051709,AMANFROM,ADENTA,Understanding Campaign
233143165683,AMANFROM,ADENTA,Ushers
233050796099,AMRAHIA,ADENTA,Arrivals
233264188623,AMRAHIA,ADENTA,BENMP
233807286346,AMRAHIA,ADENTA,Dancing Stars
233734720948,AMRAHIA,ADENTA,Film Stars
233151048638,AMRAHIA,ADENTA,Fragrance
233490216573,AMRAHIA,ADENTA,Greater Love Choir
233467066143,AMRAHIA,ADENTA,Sanctifiers
233057243299,AMRAHIA,ADENTA,Seeing and Hearing
233658283487,AMRAHIA,ADENTA,Telepastors
233190613424,AMRAHIA,ADENTA,Understanding Campaign
233947500705,AMRAHIA,ADENTA,Ushers
233346261624,COMMANDOS RESEARCH,ADENTA,Arrivals
233874724337,COMMANDOS RESEARCH,ADENTA,BENMP
233137104423,COMMANDOS RESEARCH,ADENTA,Dancing Stars
233963178204,COMMANDOS RESEARCH,ADENTA,Film Stars
233210043298,COMMANDOS RESEARCH,ADENTA,Fragrance
233106748865,COMMANDOS RESEARCH,ADENTA,Greater Love Choir
233006921171,COMMANDOS RESEARCH,ADENTA,Sanctifiers
233874297029,COMMANDOS RESEARCH,ADENTA,Seeing and Hearing
233944343201,COMMANDOS RESEARCH,ADENTA,Telepastors
233995313174,COMMANDOS RESEARCH,ADENTA,Understanding Campaign
233973941979,COMMANDOS RESEARCH,ADENTA,Ushers
233325051293,DODOWA,ADENTA,Arrivals
233166382769,DODOWA,ADENTA,BENMP
233524557662,DODOWA,ADENTA,Dancing Stars
233180620275,DODOWA,ADENTA,Film Stars
233158281570,DODOWA,ADENTA,Fragrance
233874996622,DODOWA,ADENTA,Greater Love Choir
233106177629,DODOWA,ADENTA,Sanctifiers
233294445430,DODOWA,ADENTA,Seeing and Hearing
233486755807,DODOWA,ADENTA,Telepastors
233590322399,DODOWA,ADENTA,Understanding Campaign
233299220776,DODOWA,ADENTA,Ushers
233076202845,FOSTER HOME,ADENTA,Arrivals
233016827416,FOSTER HOME,ADENTA,BENMP
233604101871,FOSTER HOME,ADENTA,Dancing Stars
233910475293,FOSTER HOME,ADENTA,Film Stars
233777351480,FOSTER HOME,ADENTA,Fragrance
233654086477,FOSTER HOME,ADENTA,Greater Love Choir
233255573200,FOSTER HOME,ADENTA,Sanctifiers
233140117845,FOSTER HOME,ADENTA,Seeing and Hearing
233819665575,FOSTER HOME,ADENTA,Telepastors
233966868543,FOSTER HOME,ADENTA,Understanding Campaign
233005088096,FOSTER HOME,ADENTA,Ushers
233505298223,GOOD NEWS BIBLE SEMINARY,ADENTA,Arrivals
233869772013,GOOD NEWS BIBLE SEMINARY,ADENTA,BENMP
233613302790,GOOD NEWS BIBLE SEMINARY,ADENTA,Dancing Stars
233099389130,GOOD NEWS BIBLE SEMINARY,ADENTA,Film Stars
233938354492,GOOD NEWS BIBLE SEMINARY,ADENTA,Fragrance
233043633724,GOOD NEWS BIBLE SEMINARY,ADENTA,Greater Love Choir
233974471845,GOOD NEWS BIBLE SEMINARY,ADENTA,Sanctifiers
233827389155,GOOD NEWS BIBLE SEMINARY,ADENTA,Seeing and Hearing
233322042444,GOOD NEWS BIBLE SEMINARY,ADENTA,Telepastors
233996588795,GOOD NEWS BIBLE SEMINARY,ADENTA,Understanding Campaign
233518412964,GOOD NEWS BIBLE SEMINARY,ADENTA,Ushers
233870605071,NEW SITE,ADENTA,Arrivals
233590826078,NEW SITE,ADENTA,BENMP
233250572467,NEW SITE,ADENTA,Dancing Stars
233128879026,NEW SITE,ADENTA,Film Stars
233671596806,NEW SITE,ADENTA,Fragrance
233121261239,NEW SITE,ADENTA,Greater Love Choir
233148431906,NEW SITE,ADENTA,Sanctifiers
233969594475,NEW SITE,ADENTA,Seeing and Hearing
233529586577,NEW SITE,ADENTA,Telepastors
233051775910,NEW SITE,ADENTA,Understanding Campaign
233550055749,NEW SITE,ADENTA,Ushers
233057450787,OYIBI,ADENTA,Arrivals
233134586847,OYIBI,ADENTA,BENMP
233269940756,OYIBI,ADENTA,Dancing Stars
233631424025,OYIBI,ADENTA,Film Stars
233038025310,OYIBI,ADENTA,Fragrance
233017707811,OYIBI,ADENTA,Greater Love Choir
233061959048,OYIBI,ADENTA,Sanctifiers
233075697071,OYIBI,ADENTA,Seeing and Hearing
233632218905,OYIBI,ADENTA,Telepastors
233763761194,OYIBI,ADENTA,Understanding Campaign
233100114011,OYIBI,ADENTA,Ushers
233344061675,RITZ JUNCTION,ADENTA,Arrivals
233925842832,RITZ JUNCTION,ADENTA,BENMP
233638692364,RITZ JUNCTION,ADENTA,Dancing Stars
233950460058,RITZ JUNCTION,ADENTA,Film Stars
233070994055,RITZ JUNCTION,ADENTA,Fragrance
233509744079,RITZ JUNCTION,ADENTA,Greater Love Choir
233914058408,RITZ JUNCTION,ADENTA,Sanctifiers
233672289921,RITZ JUNCTION,ADENTA,Seeing and Hearing
233054458920,RITZ JUNCTION,ADENTA,Telepastors
233962891242,RITZ JUNCTION,ADENTA,Understanding Campaign
233727539688,RITZ JUNCTION,ADENTA,Ushers
233101014349,ASHONGMAN,AGBOGBA-ASHONGMAN,Arrivals
233564157771,ASHONGMAN,AGBOGBA-ASHONGMAN,BENMP
233721518855,ASHONGMAN,AGBOGBA-ASHONGMAN,Dancing Stars
233302217920,ASHONGMAN,AGBOGBA-ASHONGMAN,Film Stars
233841131609,ASHONGMAN,AGBOGBA-ASHONGMAN,Fragrance
233272507533,ASHONGMAN,AGBOGBA-ASHONGMAN,Greater Love Choir
233649514191,ASHONGMAN,AGBOGBA-ASHONGMAN,Sanctifiers
233661854333,ASHONGMAN,AGBOGBA-ASHONGMAN,Seeing and Hearing
233164377502,ASHONGMAN,AGBOGBA-ASHONGMAN,Telepastors
233791778578,ASHONGMAN,AGBOGBA-ASHONGMAN,Understanding Campaign
233358426753,ASHONGMAN,AGBOGBA-ASHONGMAN,Ushers
233099686455,KITASE,AKROPONG/ MAMFE/ KWAMOSO,Arrivals
233017870874,KITASE,AKROPONG/ MAMFE/ KWAMOSO,BENMP
233607378421,KITASE,AKROPONG/ MAMFE/ KWAMOSO,Dancing Stars
233059702539,KITASE,AKROPONG/ MAMFE/ KWAMOSO,Film Stars
233614960999,KITASE,AKROPONG/ MAMFE/ KWAMOSO,Fragrance
233294144418,KITASE,AKROPONG/ MAMFE/ KWAMOSO,Greater Love Choir
233206942194,KITASE,AKROPONG/ MAMFE/ KWAMOSO,Sanctifiers
233543347641,KITASE,AKROPONG/ MAMFE/ KWAMOSO,Seeing and Hearing
233764266809,KITASE,AKROPONG/ MAMFE/ KWAMOSO,Telepastors
233107577511,KITASE,AKROPONG/ MAMFE/ KWAMOSO,Understanding Campaign
233170307443,KITASE,AKROPONG/ MAMFE/ KWAMOSO,Ushers
233943340465,ABURI,AMANOKROM,Arrivals
233630836395,ABURI,AMANOKROM,BENMP
233279319118,ABURI,AMANOKROM,Dancing Stars
233339912058,ABURI,AMANOKROM,Film Stars
233674893622,ABURI,AMANOKROM,Fragrance
233754527164,ABURI,AMANOKROM,Greater Love Choir
233821576914,ABURI,AMANOKROM,Sanctifiers
233305758466,ABURI,AMANOKROM,Seeing and Hearing
233320254728,ABURI,AMANOKROM,Telepastors
233966459819,ABURI,AMANOKROM,Understanding Campaign
233485766406,ABURI,AMANOKROM,Ushers
233315302117,PEDUASE,AMANOKROM,Arrivals
233129499634,PEDUASE,AMANOKROM,BENMP
233959131489,PEDUASE,AMANOKROM,Dancing Stars
233207122610,PEDUASE,AMANOKROM,Film Stars
233298689954,PEDUASE,AMANOKROM,Fragrance
233219330652,PEDUASE,AMANOKROM,Greater Love Choir
233287441655,PEDUASE,AMANOKROM,Sanctifiers
233311400389,PEDUASE,AMANOKROM,Seeing and Hearing
233621748764,PEDUASE,AMANOKROM,Telepastors
233720399659,PEDUASE,AMANOKROM,Understanding Campaign
233462742100,PEDUASE,AMANOKROM,Ushers
233202456054,ASHAIMAN,ASHAIMAN,Arrivals
233433907162,ASHAIMAN,ASHAIMAN,BENMP
233212860387,ASHAIMAN,ASHAIMAN,Dancing Stars
233268570743,ASHAIMAN,ASHAIMAN,Film Stars
233760840491,ASHAIMAN,ASHAIMAN,Fragrance
233996191709,ASHAIMAN,ASHAIMAN,Greater Love Choir
233722874937,ASHAIMAN,ASHAIMAN,Sanctifiers
233875329121,ASHAIMAN,ASHAIMAN,Seeing and Hearing
233494118872,ASHAIMAN,ASHAIMAN,Telepastors
233946747443,ASHAIMAN,ASHAIMAN,Understanding Campaign
233544974675,ASHAIMAN,ASHAIMAN,Ushers
233726319193,ASHALEY BOTWE,ASHALEY BOTWE,Arrivals
233858555653,ASHALEY BOTWE,ASHALEY BOTWE,BENMP
233454910886,ASHALEY BOTWE,ASHALEY BOTWE,Dancing Stars
233189355422,ASHALEY BOTWE,ASHALEY BOTWE,Film Stars
233526753438,ASHALEY BOTWE,ASHALEY BOTWE,Fragrance
233082224770,ASHALEY BOTWE,ASHALEY BOTWE,Greater Love Choir
233827902607,ASHALEY BOTWE,ASHALEY BOTWE,Sanctifiers
233315947927,ASHALEY BOTWE,ASHALEY BOTWE,Seeing and Hearing
233276469784,ASHALEY BOTWE,ASHALEY BOTWE,Telepastors
233120157680,ASHALEY BOTWE,ASHALEY BOTWE,Understanding Campaign
233937721260,ASHALEY BOTWE,ASHALEY BOTWE,Ushers
233052487440,BRITISH ACCRA EAST,BRITISH ACCRA,Arrivals
233642853327,BRITISH ACCRA EAST,BRITISH ACCRA,BENMP
233216730130,BRITISH ACCRA EAST,BRITISH ACCRA,Dancing Stars
233375995156,BRITISH ACCRA EAST,BRITISH ACCRA,Film Stars
233989540817,BRITISH ACCRA EAST,BRITISH ACCRA,Fragrance
233857575140,BRITISH ACCRA EAST,BRITISH ACCRA,Greater Love Choir
233750647425,BRITISH ACCRA EAST,BRITISH ACCRA,Sanctifiers
233213607494,BRITISH ACCRA EAST,BRITISH ACCRA,Seeing and Hearing
233556194879,BRITISH ACCRA EAST,BRITISH ACCRA,Telepastors
233667146709,BRITISH ACCRA EAST,BRITISH ACCRA,Understanding Campaign
233555854700,BRITISH ACCRA EAST,BRITISH ACCRA,Ushers
233203954007,BRITISH ACCRA WEST,BRITISH ACCRA,Arrivals
233345018617,BRITISH ACCRA WEST,BRITISH ACCRA,BENMP
233173723420,BRITISH ACCRA WEST,BRITISH ACCRA,Dancing Stars
233555034766,BRITISH ACCRA WEST,BRITISH ACCRA,Film Stars
233074004113,BRITISH ACCRA WEST,BRITISH ACCRA,Fragrance
233114939507,BRITISH ACCRA WEST,BRITISH ACCRA,Greater Love Choir
233248754313,BRITISH ACCRA WEST,BRITISH ACCRA,Sanctifiers
233597264039,BRITISH ACCRA WEST,BRITISH ACCRA,Seeing and Hearing
233313323945,BRITISH ACCRA WEST,BRITISH ACCRA,Telepastors
233391140809,BRITISH ACCRA WEST,BRITISH ACCRA,Understanding Campaign
233616925806,BRITISH ACCRA WEST,BRITISH ACCRA,Ushers
233225001388,JAMESTOWN,BRITISH ACCRA,Arrivals
233912915762,JAMESTOWN,BRITISH ACCRA,BENMP
233231315317,JAMESTOWN,BRITISH ACCRA,Dancing Stars
233095169771,JAMESTOWN,BRITISH ACCRA,Film Stars
233862611573,JAMESTOWN,BRITISH ACCRA,Fragrance
233743250857,JAMESTOWN,BRITISH ACCRA,Greater Love Choir
233958590097,JAMESTOWN,BRITISH ACCRA,Sanctifiers
233434508553,JAMESTOWN,BRITISH ACCRA,Seeing and Hearing
233415250603,JAMESTOWN,BRITISH ACCRA,Telepastors
233833096133,JAMESTOWN,BRITISH ACCRA,Understanding Campaign
233889452388,JAMESTOWN,BRITISH ACCRA,Ushers
233201945846,LATERBIOKOSHIE,BRITISH ACCRA,Arrivals
233994944443,LATERBIOKOSHIE,BRITISH ACCRA,BENMP
233969004661,LATERBIOKOSHIE,BRITISH ACCRA,Dancing Stars
233429675400,LATERBIOKOSHIE,BRITISH ACCRA,Film Stars
233372918432,LATERBIOKOSHIE,BRITISH ACCRA,Fragrance
233216018475,LATERBIOKOSHIE,BRITISH ACCRA,Greater Love Choir
233410813600,LATERBIOKOSHIE,BRITISH ACCRA,Sanctifiers
233760884881,LATERBIOKOSHIE,BRITISH ACCRA,Seeing and Hearing
233492501985,LATERBIOKOSHIE,BRITISH ACCRA,Telepastors
233799967032,LATERBIOKOSHIE,BRITISH ACCRA,Understanding Campaign
233968343046,LATERBIOKOSHIE,BRITISH ACCRA,Ushers
233545414644,DAMSOMAN CENTRAL,DANSOMAN,Arrivals
233439115478,DAMSOMAN CENTRAL,DANSOMAN,BENMP
233755727495,DAMSOMAN CENTRAL,DANSOMAN,Dancing Stars
233196057652,DAMSOMAN CENTRAL,DANSOMAN,Film Stars
233995260624,DAMSOMAN CENTRAL,DANSOMAN,Fragrance
233670585397,DAMSOMAN CENTRAL,DANSOMAN,Greater Love Choir
233749726030,DAMSOMAN CENTRAL,DANSOMAN,Sanctifiers
233591561214,DAMSOMAN CENTRAL,DANSOMAN,Seeing and Hearing
233513141994,DAMSOMAN CENTRAL,DANSOMAN,Telepastors
233301603536,DAMSOMAN CENTRAL,DANSOMAN,Understanding Campaign
233945374275,DAMSOMAN CENTRAL,DANSOMAN,Ushers
233412175477,DANSOMAN CENTRAL,DANSOMAN,Arrivals
233619478780,DANSOMAN CENTRAL,DANSOMAN,BENMP
233452667949,DANSOMAN CENTRAL,DANSOMAN,Dancing Stars
233009562127,DANSOMAN CENTRAL,DANSOMAN,Film Stars
233610226473,DANSOMAN CENTRAL,DANSOMAN,Fragrance
233334160566,DANSOMAN CENTRAL,DANSOMAN,Greater Love Choir
233594533455,DANSOMAN CENTRAL,DANSOMAN,Sanctifiers
233436277789,DANSOMAN CENTRAL,DANSOMAN,Seeing and Hearing
233834231643,DANSOMAN CENTRAL,DANSOMAN,Telepastors
233746234819,DANSOMAN CENTRAL,DANSOMAN,Understanding Campaign
233480438320,DANSOMAN CENTRAL,DANSOMAN,Ushers
233693664172,DANSOMAN EAST,DANSOMAN,Arrivals
233592307598,DANSOMAN EAST,DANSOMAN,BENMP
233366183304,DANSOMAN EAST,DANSOMAN,Dancing Stars
233590097536,DANSOMAN EAST,DANSOMAN,Film Stars
233909282027,DANSOMAN EAST,DANSOMAN,Fragrance
233665387196,DANSOMAN EAST,DANSOMAN,Greater Love Choir
233535473057,DANSOMAN EAST,DANSOMAN,Sanctifiers
233192833486,DANSOMAN EAST,DANSOMAN,Seeing and Hearing
233684109986,DANSOMAN EAST,DANSOMAN,Telepastors
233572641465,DANSOMAN EAST,DANSOMAN,Understanding Campaign
233064103336,DANSOMAN EAST,DANSOMAN,Ushers
233096449984,DANSOMAN NORTH,DANSOMAN,Arrivals
233260575087,DANSOMAN NORTH,DANSOMAN,BENMP
233680453415,DANSOMAN NORTH,DANSOMAN,Dancing Stars
233467229004,DANSOMAN NORTH,DANSOMAN,Film Stars
233386614566,DANSOMAN NORTH,DANSOMAN,Fragrance
233171825606,DANSOMAN NORTH,DANSOMAN,Greater Love Choir
233555367289,DANSOMAN NORTH,DANSOMAN,Sanctifiers
233800559020,DANSOMAN NORTH,DANSOMAN,Seeing and Hearing
233420714668,DANSOMAN NORTH,DANSOMAN,Telepastors
233121368556,DANSOMAN NORTH,DANSOMAN,Understanding Campaign
233787756899,DANSOMAN NORTH,DANSOMAN,Ushers
233590985357,DANSOMAN SOITH,DANSOMAN,Arrivals
233094545481,DANSOMAN SOITH,DANSOMAN,BENMP
233714724992,DANSOMAN SOITH,DANSOMAN,Dancing Stars
233810534060,DANSOMAN SOITH,DANSOMAN,Film Stars
233198404201,DANSOMAN SOITH,DANSOMAN,Fragrance
233993795789,DANSOMAN SOITH,DANSOMAN,Greater Love Choir
233960944366,DANSOMAN SOITH,DANSOMAN,Sanctifiers
233979461615,DANSOMAN SOITH,DANSOMAN,Seeing and Hearing
233566591669,DANSOMAN SOITH,DANSOMAN,Telepastors
233582164658,DANSOMAN SOITH,DANSOMAN,Understanding Campaign
233950064833,DANSOMAN SOITH,DANSOMAN,Ushers
233527504203,DANSOMAN SOUTH,DANSOMAN,Arrivals
233623764007,DANSOMAN SOUTH,DANSOMAN,BENMP
233536850880,DANSOMAN SOUTH,DANSOMAN,Dancing Stars
233484480461,DANSOMAN SOUTH,DANSOMAN,Film Stars
233481552667,DANSOMAN SOUTH,DANSOMAN,Fragrance
233917622065,DANSOMAN SOUTH,DANSOMAN,Greater Love Choir
233288571355,DANSOMAN SOUTH,DANSOMAN,Sanctifiers
233388036768,DANSOMAN SOUTH,DANSOMAN,Seeing and Hearing
233450413609,DANSOMAN SOUTH,DANSOMAN,Telepastors
233257773122,DANSOMAN SOUTH,DANSOMAN,Understanding Campaign
233526678908,DANSOMAN SOUTH,DANSOMAN,Ushers
233986273335,DANSOMAN WEST,DANSOMAN,Arrivals
233808905772,DANSOMAN WEST,DANSOMAN,BENMP
233436706394,DANSOMAN WEST,DANSOMAN,Dancing Stars
233109377138,DANSOMAN WEST,DANSOMAN,Film Stars
233475779601,DANSOMAN WEST,DANSOMAN,Fragrance
233356216493,DANSOMAN WEST,DANSOMAN,Greater Love Choir
233906600816,DANSOMAN WEST,DANSOMAN,Sanctifiers
233820499976,DANSOMAN WEST,DANSOMAN,Seeing and Hearing
233875656375,DANSOMAN WEST,DANSOMAN,Telepastors
233606138996,DANSOMAN WEST,DANSOMAN,Understanding Campaign
233646669007,DANSOMAN WEST,DANSOMAN,Ushers
233857302940,DOME,DOME,Arrivals
233682216676,DOME,DOME,BENMP
233123405720,DOME,DOME,Dancing Stars
233655374438,DOME,DOME,Film Stars
233141631061,DOME,DOME,Fragrance
233451284786,DOME,DOME,Greater Love Choir
233155772354,DOME,DOME,Sanctifiers
233855253674,DOME,DOME,Seeing and Hearing
233500961815,DOME,DOME,Telepastors
233087776504,DOME,DOME,Understanding Campaign
233518017532,DOME,DOME,Ushers
233135316486,DOME 2,DOME,Arrivals
233486387991,DOME 2,DOME,BENMP
233127084481,DOME 2,DOME,Dancing Stars
233776783495,DOME 2,DOME,Film Stars
233018580041,DOME 2,DOME,Fragrance
233276425380,DOME 2,DOME,Greater Love Choir
233473015174,DOME 2,DOME,Sanctifiers
233338583905,DOME 2,DOME,Seeing and Hearing
233648875620,DOME 2,DOME,Telepastors
233587824871,DOME 2,DOME,Understanding Campaign
233281919274,DOME 2,DOME,Ushers
233098605069,ADJIRINGANOR,EAST LEGON,Arrivals
233993335797,ADJIRINGANOR,EAST LEGON,BENMP
233030811923,ADJIRINGANOR,EAST LEGON,Dancing Stars
233917278243,ADJIRINGANOR,EAST LEGON,Film Stars
233037011327,ADJIRINGANOR,EAST LEGON,Fragrance
233542833234,ADJIRINGANOR,EAST LEGON,Greater Love Choir
233907289207,ADJIRINGANOR,EAST LEGON,Sanctifiers
233625968950,ADJIRINGANOR,EAST LEGON,Seeing and Hearing
233029236735,ADJIRINGANOR,EAST LEGON,Telepastors
233894538464,ADJIRINGANOR,EAST LEGON,Understanding Campaign
233269584337,ADJIRINGANOR,EAST LEGON,Ushers
233356027483,MEMPEASEM,EAST LEGON,Arrivals
233620102453,MEMPEASEM,EAST LEGON,BENMP
233458078623,MEMPEASEM,EAST LEGON,Dancing Stars
233643655168,MEMPEASEM,EAST LEGON,Film Stars
233551949426,MEMPEASEM,EAST LEGON,Fragrance
233164108869,MEMPEASEM,EAST LEGON,Greater Love Choir
233193213045,MEMPEASEM,EAST LEGON,Sanctifiers
233797456735,MEMPEASEM,EAST LEGON,Seeing and Hearing
233915432253,MEMPEASEM,EAST LEGON,Telepastors
233762736764,MEMPEASEM,EAST LEGON,Understanding Campaign
233158962777,MEMPEASEM,EAST LEGON,Ushers
233680784116,OKPONGLO,EAST LEGON,Arrivals
233932775036,OKPONGLO,EAST LEGON,BENMP
233630401894,OKPONGLO,EAST LEGON,Dancing Stars
233876125526,OKPONGLO,EAST LEGON,Film Stars
233727952263,OKPONGLO,EAST LEGON,Fragrance
233348604159,OKPONGLO,EAST LEGON,Greater Love Choir
233229008207,OKPONGLO,EAST LEGON,Sanctifiers
233011496381,OKPONGLO,EAST LEGON,Seeing and Hearing
233771971151,OKPONGLO,EAST LEGON,Telepastors
233241090066,OKPONGLO,EAST LEGON,Understanding Campaign
233877275247,OKPONGLO,EAST LEGON,Ushers
233092662575,SHIASHIE,EAST LEGON,Arrivals
233833285162,SHIASHIE,EAST LEGON,BENMP
233522274860,SHIASHIE,EAST LEGON,Dancing Stars
233534289663,SHIASHIE,EAST LEGON,Film Stars
233385094527,SHIASHIE,EAST LEGON,Fragrance
233360611959,SHIASHIE,EAST LEGON,Greater Love Choir
233899180628,SHIASHIE,EAST LEGON,Sanctifiers
233588404474,SHIASHIE,EAST LEGON,Seeing and Hearing
233662736382,SHIASHIE,EAST LEGON,Telepastors
233814580697,SHIASHIE,EAST LEGON,Understanding Campaign
233352473841,SHIASHIE,EAST LEGON,Ushers
233874884707,VERONY,EAST LEGON,Arrivals
233992666743,VERONY,EAST LEGON,BENMP
233928784458,VERONY,EAST LEGON,Dancing Stars
233617196449,VERONY,EAST LEGON,Film Stars
233224980724,VERONY,EAST LEGON,Fragrance
233732191246,VERONY,EAST LEGON,Greater Love Choir
233584906131,VERONY,EAST LEGON,Sanctifiers
233008612820,VERONY,EAST LEGON,Seeing and Hearing
233658345388,VERONY,EAST LEGON,Telepastors
233819863522,VERONY,EAST LEGON,Understanding Campaign
233371747091,VERONY,EAST LEGON,Ushers
233839028435,GBAWE MALLAM,GBAWE,Arrivals
233778566036,GBAWE MALLAM,GBAWE,BENMP
233901573477,GBAWE MALLAM,GBAWE,Dancing Stars
233214659086,GBAWE MALLAM,GBAWE,Film Stars
233513198751,GBAWE MALLAM,GBAWE,Fragrance
233066581304,GBAWE MALLAM,GBAWE,Greater Love Choir
233055687822,GBAWE MALLAM,GBAWE,Sanctifiers
233632553754,GBAWE MALLAM,GBAWE,Seeing and Hearing
233844106731,GBAWE MALLAM,GBAWE,Telepastors
233159194595,GBAWE MALLAM,GBAWE,Understanding Campaign
233841072055,GBAWE MALLAM,GBAWE,Ushers
233442559618,NEW GBAWE,GBAWE,Arrivals
233945048992,NEW GBAWE,GBAWE,BENMP
233613406849,NEW GBAWE,GBAWE,Dancing Stars
233349572702,NEW GBAWE,GBAWE,Film Stars
233212880210,NEW GBAWE,GBAWE,Fragrance
233702525021,NEW GBAWE,GBAWE,Greater Love Choir
233215923918,NEW GBAWE,GBAWE,Sanctifiers
233541007798,NEW GBAWE,GBAWE,Seeing and Hearing
233639485369,NEW GBAWE,GBAWE,Telepastors
233619791531,NEW GBAWE,GBAWE,Understanding Campaign
233656734525,NEW GBAWE,GBAWE,Ushers
233934844048,HAATSO,HAATSO,Arrivals
233319302252,HAATSO,HAATSO,BENMP
233639773400,HAATSO,HAATSO,Dancing Stars
233299952611,HAATSO,HAATSO,Film Stars
233172437246,HAATSO,HAATSO,Fragrance
233649758272,HAATSO,HAATSO,Greater Love Choir
233018276963,HAATSO,HAATSO,Sanctifiers
233912723087,HAATSO,HAATSO,Seeing and Hearing
233322832126,HAATSO,HAATSO,Telepastors
233196618150,HAATSO,HAATSO,Understanding Campaign
233717432615,HAATSO,HAATSO,Ushers
233357986497,HAATSO 2,HAATSO,Arrivals
233249479781,HAATSO 2,HAATSO,BENMP
233792977451,HAATSO 2,HAATSO,Dancing Stars
233084515490,HAATSO 2,HAATSO,Film Stars
233525675360,HAATSO 2,HAATSO,Fragrance
233633330004,HAATSO 2,HAATSO,Greater Love Choir
233558422738,HAATSO 2,HAATSO,Sanctifiers
233091067596,HAATSO 2,HAATSO,Seeing and Hearing
233438789511,HAATSO 2,HAATSO,Telepastors
233185454714,HAATSO 2,HAATSO,Understanding Campaign
233295094975,HAATSO 2,HAATSO,Ushers
233470037785,APLAKU,KASOA,Arrivals
233133041812,APLAKU,KASOA,BENMP
233475624703,APLAKU,KASOA,Dancing Stars
233876103613,APLAKU,KASOA,Film Stars
233126347994,APLAKU,KASOA,Fragrance
233996734577,APLAKU,KASOA,Greater Love Choir
233920309040,APLAKU,KASOA,Sanctifiers
233903473094,APLAKU,KASOA,Seeing and Hearing
233003388977,APLAKU,KASOA,Telepastors
233732476104,APLAKU,KASOA,Understanding Campaign
233945528942,APLAKU,KASOA,Ushers
233800084519,NYANYANYO,KASOA,Arrivals
233670360181,NYANYANYO,KASOA,BENMP
233871756922,NYANYANYO,KASOA,Dancing Stars
233476313243,NYANYANYO,KASOA,Film Stars
233089215561,NYANYANYO,KASOA,Fragrance
233695996610,NYANYANYO,KASOA,Greater Love Choir
233233530932,NYANYANYO,KASOA,Sanctifiers
233082756160,NYANYANYO,KASOA,Seeing and Hearing
233433867520,NYANYANYO,KASOA,Telepastors
233701644163,NYANYANYO,KASOA,Understanding Campaign
233491388336,NYANYANYO,KASOA,Ushers
233448161327,TN KASOA,KASOA,Arrivals
233294509287,TN KASOA,KASOA,BENMP
233890008507,TN KASOA,KASOA,Dancing Stars
233615212305,TN KASOA,KASOA,Film Stars
233698242871,TN KASOA,KASOA,Fragrance
233658779558,TN KASOA,KASOA,Greater Love Choir
233416861317,TN KASOA,KASOA,Sanctifiers
233674079486,TN KASOA,KASOA,Seeing and Hearing
233818121927,TN KASOA,KASOA,Telepastors
233534771806,TN KASOA,KASOA,Understanding Campaign
233007069205,TN KASOA,KASOA,Ushers
233619189151,WEIJA,KASOA,Arrivals
233928881863,WEIJA,KASOA,BENMP
233592659864,WEIJA,KASOA,Dancing Stars
233274295983,WEIJA,KASOA,Film Stars
233110235794,WEIJA,KASOA,Fragrance
233534759681,WEIJA,KASOA,Greater Love Choir
233480571621,WEIJA,KASOA,Sanctifiers
233293087376,WEIJA,KASOA,Seeing and Hearing
233354956752,WEIJA,KASOA,Telepastors
233102109836,WEIJA,KASOA,Understanding Campaign
233081636235,WEIJA,KASOA,Ushers
233543136575,KWABENYA,KWABENYA,Arrivals
233639523057,KWABENYA,KWABENYA,BENMP
233544065703,KWABENYA,KWABENYA,Dancing Stars
233877282768,KWABENYA,KWABENYA,Film Stars
233117920150,KWABENYA,KWABENYA,Fragrance
233424877246,KWABENYA,KWABENYA,Greater Love Choir
233372646728,KWABENYA,KWABENYA,Sanctifiers
233103844328,KWABENYA,KWABENYA,Seeing and Hearing
233875927656,KWABENYA,KWABENYA,Telepastors
233491769163,KWABENYA,KWABENYA,Understanding Campaign
233118399015,KWABENYA,KWABENYA,Ushers
233959829406,LAPAZ SOUTH,LAPAZ,Arrivals
233652288117,LAPAZ SOUTH,LAPAZ,BENMP
233167696902,LAPAZ SOUTH,LAPAZ,Dancing Stars
233734014172,LAPAZ SOUTH,LAPAZ,Film Stars
233354085534,LAPAZ SOUTH,LAPAZ,Fragrance
233808671230,LAPAZ SOUTH,LAPAZ,Greater Love Choir
233922858967,LAPAZ SOUTH,LAPAZ,Sanctifiers
233367261955,LAPAZ SOUTH,LAPAZ,Seeing and Hearing
233217083431,LAPAZ SOUTH,LAPAZ,Telepastors
233173469732,LAPAZ SOUTH,LAPAZ,Understanding Campaign
233743473285,LAPAZ SOUTH,LAPAZ,Ushers
233201355664,LAPAZ SOUTHEAST,LAPAZ,Arrivals
233312240472,LAPAZ SOUTHEAST,LAPAZ,BENMP
233880365098,LAPAZ SOUTHEAST,LAPAZ,Dancing Stars
233009897275,LAPAZ SOUTHEAST,LAPAZ,Film Stars
233889410400,LAPAZ SOUTHEAST,LAPAZ,Fragrance
233937159780,LAPAZ SOUTHEAST,LAPAZ,Greater Love Choir
233915714839,LAPAZ SOUTHEAST,LAPAZ,Sanctifiers
233429738663,LAPAZ SOUTHEAST,LAPAZ,Seeing and Hearing
233909431117,LAPAZ SOUTHEAST,LAPAZ,Telepastors
233990415964,LAPAZ SOUTHEAST,LAPAZ,Understanding Campaign
233775772080,LAPAZ SOUTHEAST,LAPAZ,Ushers
233543439327,LAPAZ TABORA,LAPAZ,Arrivals
233321066480,LAPAZ TABORA,LAPAZ,BENMP
233915228402,LAPAZ TABORA,LAPAZ,Dancing Stars
233737508305,LAPAZ TABORA,LAPAZ,Film Stars
233919543210,LAPAZ TABORA,LAPAZ,Fragrance
233598386692,LAPAZ TABORA,LAPAZ,Greater Love Choir
233846806406,LAPAZ TABORA,LAPAZ,Sanctifiers
233475540875,LAPAZ TABORA,LAPAZ,Seeing and Hearing
233660256827,LAPAZ TABORA,LAPAZ,Telepastors
233243344185,LAPAZ TABORA,LAPAZ,Understanding Campaign
233911645926,LAPAZ TABORA,LAPAZ,Ushers
233645130725,MADINA 2,MADINA,Arrivals
233986454968,MADINA 2,MADINA,BENMP
233449777515,MADINA 2,MADINA,Dancing Stars
233607803452,MADINA 2,MADINA,Film Stars
233585497903,MADINA 2,MADINA,Fragrance
233396616906,MADINA 2,MADINA,Greater Love Choir
233346745230,MADINA 2,MADINA,Sanctifiers
233698440116,MADINA 2,MADINA,Seeing and Hearing
233680849092,MADINA 2,MADINA,Telepastors
233431118561,MADINA 2,MADINA,Understanding Campaign
233000462022,MADINA 2,MADINA,Ushers
233759208161,MADINA 3,MADINA,Arrivals
233553217976,MADINA 3,MADINA,BENMP
233765020237,MADINA 3,MADINA,Dancing Stars
233696451051,MADINA 3,MADINA,Film Stars
233110856453,MADINA 3,MADINA,Fragrance
233967404257,MADINA 3,MADINA,Greater Love Choir
233602733000,MADINA 3,MADINA,Sanctifiers
233282465794,MADINA 3,MADINA,Seeing and Hearing
233263831298,MADINA 3,MADINA,Telepastors
233148409693,MADINA 3,MADINA,Understanding Campaign
233341349323,MADINA 3,MADINA,Ushers
233309396491,MADINA 4,MADINA,Arrivals
233582687220,MADINA 4,MADINA,BENMP
233488332770,MADINA 4,MADINA,Dancing Stars
233119580037,MADINA 4,MADINA,Film Stars
233024000769,MADINA 4,MADINA,Fragrance
233625130422,MADINA 4,MADINA,Greater Love Choir
233949667135,MADINA 4,MADINA,Sanctifiers
233265387973,MADINA 4,MADINA,Seeing and Hearing
233647217454,MADINA 4,MADINA,Telepastors
233131138637,MADINA 4,MADINA,Understanding Campaign
233459054245,MADINA 4,MADINA,Ushers
233023828887,MADINA 5,MADINA,Arrivals
233389142685,MADINA 5,MADINA,BENMP
233534174115,MADINA 5,MADINA,Dancing Stars
233830814531,MADINA 5,MADINA,Film Stars
233931867525,MADINA 5,MADINA,Fragrance
233991501503,MADINA 5,MADINA,Greater Love Choir
233826901667,MADINA 5,MADINA,Sanctifiers
233957119257,MADINA 5,MADINA,Seeing and Hearing
233437228680,MADINA 5,MADINA,Telepastors
233362342311,MADINA 5,MADINA,Understanding Campaign
233513429366,MADINA 5,MADINA,Ushers
233350764007,MADINA 6,MADINA,Arrivals
233212608767,MADINA 6,MADINA,BENMP
233098909644,MADINA 6,MADINA,Dancing Stars
233152058823,MADINA 6,MADINA,Film Stars
233725329652,MADINA 6,MADINA,Fragrance
233861520792,MADINA 6,MADINA,Greater Love Choir
233191690363,MADINA 6,MADINA,Sanctifiers
233928382377,MADINA 6,MADINA,Seeing and Hearing
233076664600,MADINA 6,MADINA,Telepastors
233923554505,MADINA 6,MADINA,Understanding Campaign
233093678735,MADINA 6,MADINA,Ushers
233553288623,ADENTA,MADINA TOWNSHIP,Arrivals
233685359239,ADENTA,MADINA TOWNSHIP,BENMP
233662192388,ADENTA,MADINA TOWNSHIP,Dancing Stars
233192284355,ADENTA,MADINA TOWNSHIP,Film Stars
233755035051,ADENTA,MADINA TOWNSHIP,Fragrance
233441637330,ADENTA,MADINA TOWNSHIP,Greater Love Choir
233095284449,ADENTA,MADINA TOWNSHIP,Sanctifiers
233526925429,ADENTA,MADINA TOWNSHIP,Seeing and Hearing
233883510616,ADENTA,MADINA TOWNSHIP,Telepastors
233661823824,ADENTA,MADINA TOWNSHIP,Understanding Campaign
233488282015,ADENTA,MADINA TOWNSHIP,Ushers
233183565905,FIRESTONE,MADINA TOWNSHIP,Arrivals
233508169454,FIRESTONE,MADINA TOWNSHIP,BENMP
233001386710,FIRESTONE,MADINA TOWNSHIP,Dancing Stars
233385557644,FIRESTONE,MADINA TOWNSHIP,Film Stars
233981306542,FIRESTONE,MADINA TOWNSHIP,Fragrance
233988035975,FIRESTONE,MADINA TOWNSHIP,Greater Love Choir
233340979249,FIRESTONE,MADINA TOWNSHIP,Sanctifiers
233276712219,FIRESTONE,MADINA TOWNSHIP,Seeing and Hearing
233137087409,FIRESTONE,MADINA TOWNSHIP,Telepastors
233292790160,FIRESTONE,MADINA TOWNSHIP,Understanding Campaign
233992497368,FIRESTONE,MADINA TOWNSHIP,Ushers
233376489868,LA NKWANTANANG,MADINA TOWNSHIP,Arrivals
233406171949,LA NKWANTANANG,MADINA TOWNSHIP,BENMP
233781368272,LA NKWANTANANG,MADINA TOWNSHIP,Dancing Stars
233590412775,LA NKWANTANANG,MADINA TOWNSHIP,Film Stars
233624657659,LA NKWANTANANG,MADINA TOWNSHIP,Fragrance
233649586218,LA NKWANTANANG,MADINA TOWNSHIP,Greater Love Choir
233981873421,LA NKWANTANANG,MADINA TOWNSHIP,Sanctifiers
233141495854,LA NKWANTANANG,MADINA TOWNSHIP,Seeing and Hearing
233230481133,LA NKWANTANANG,MADINA TOWNSHIP,Telepastors
233378252384,LA NKWANTANANG,MADINA TOWNSHIP,Understanding Campaign
233946354058,LA NKWANTANANG,MADINA TOWNSHIP,Ushers
233747358539,MADINA ESTATE,MADINA TOWNSHIP,Arrivals
233816774394,MADINA ESTATE,MADINA TOWNSHIP,BENMP
233287451360,MADINA ESTATE,MADINA TOWNSHIP,Dancing Stars
233330831973,MADINA ESTATE,MADINA TOWNSHIP,Film Stars
233118442563,MADINA ESTATE,MADINA TOWNSHIP,Fragrance
233101096598,MADINA ESTATE,MADINA TOWNSHIP,Greater Love Choir
233159685183,MADINA ESTATE,MADINA TOWNSHIP,Sanctifiers
233770832146,MADINA ESTATE,MADINA TOWNSHIP,Seeing and Hearing
233169037583,MADINA ESTATE,MADINA TOWNSHIP,Telepastors
233420722250,MADINA ESTATE,MADINA TOWNSHIP,Understanding Campaign
233209300273,MADINA ESTATE,MADINA TOWNSHIP,Ushers
233693514553,MADINA FIRESTONE,MADINA TOWNSHIP,Arrivals
233600552937,MADINA FIRESTONE,MADINA TOWNSHIP,BENMP
233221282273,MADINA FIRESTONE,MADINA TOWNSHIP,Dancing Stars
233056739137,MADINA FIRESTONE,MADINA TOWNSHIP,Film Stars
233658079765,MADINA FIRESTONE,MADINA TOWNSHIP,Fragrance
233284602759,MADINA FIRESTONE,MADINA TOWNSHIP,Greater Love Choir
233378385709,MADINA FIRESTONE,MADINA TOWNSHIP,Sanctifiers
233694819297,MADINA FIRESTONE,MADINA TOWNSHIP,Seeing and Hearing
233058011745,MADINA FIRESTONE,MADINA TOWNSHIP,Telepastors
233792107459,MADINA FIRESTONE,MADINA TOWNSHIP,Understanding Campaign
233693480709,MADINA FIRESTONE,MADINA TOWNSHIP,Ushers
233903769658,OGBOJO,MADINA TOWNSHIP,Arrivals
233585848994,OGBOJO,MADINA TOWNSHIP,BENMP
233759067687,OGBOJO,MADINA TOWNSHIP,Dancing Stars
233125334722,OGBOJO,MADINA TOWNSHIP,Film Stars
233289210205,OGBOJO,MADINA TOWNSHIP,Fragrance
233894789553,OGBOJO,MADINA TOWNSHIP,Greater Love Choir
233254325301,OGBOJO,MADINA TOWNSHIP,Sanctifiers
233004160347,OGBOJO,MADINA TOWNSHIP,Seeing and Hearing
233073314314,OGBOJO,MADINA TOWNSHIP,Telepastors
233698972679,OGBOJO,MADINA TOWNSHIP,Understanding Campaign
233892395820,OGBOJO,MADINA TOWNSHIP,Ushers
233376651609,SOCIAL WELFARE,MADINA TOWNSHIP,Arrivals
233530062220,SOCIAL WELFARE,MADINA TOWNSHIP,BENMP
233412724943,SOCIAL WELFARE,MADINA TOWNSHIP,Dancing Stars
233707224499,SOCIAL WELFARE,MADINA TOWNSHIP,Film Stars
233958620316,SOCIAL WELFARE,MADINA TOWNSHIP,Fragrance
233989976382,SOCIAL WELFARE,MADINA TOWNSHIP,Greater Love Choir
233914706518,SOCIAL WELFARE,MADINA TOWNSHIP,Sanctifiers
233713335050,SOCIAL WELFARE,MADINA TOWNSHIP,Seeing and Hearing
233912528654,SOCIAL WELFARE,MADINA TOWNSHIP,Telepastors
233811409371,SOCIAL WELFARE,MADINA TOWNSHIP,Understanding Campaign
233497142866,SOCIAL WELFARE,MADINA TOWNSHIP,Ushers
233799055086,MAMFE,MAMPONG,Arrivals
233418503434,MAMFE,MAMPONG,BENMP
233599229206,MAMFE,MAMPONG,Dancing Stars
233128300616,MAMFE,MAMPONG,Film Stars
233848546229,MAMFE,MAMPONG,Fragrance
233665385052,MAMFE,MAMPONG,Greater Love Choir
233777259172,MAMFE,MAMPONG,Sanctifiers
233593442812,MAMFE,MAMPONG,Seeing and Hearing
233043490310,MAMFE,MAMPONG,Telepastors
233732540398,MAMFE,MAMPONG,Understanding Campaign
233782953420,MAMFE,MAMPONG,Ushers
233223844812,MAMPONG,MAMPONG,Arrivals
233478359859,MAMPONG,MAMPONG,BENMP
233800826329,MAMPONG,MAMPONG,Dancing Stars
233974543895,MAMPONG,MAMPONG,Film Stars
233787192789,MAMPONG,MAMPONG,Fragrance
233405654699,MAMPONG,MAMPONG,Greater Love Choir
233860543041,MAMPONG,MAMPONG,Sanctifiers
233212126486,MAMPONG,MAMPONG,Seeing and Hearing
233350645118,MAMPONG,MAMPONG,Telepastors
233358714242,MAMPONG,MAMPONG,Understanding Campaign
233550871442,MAMPONG,MAMPONG,Ushers
233114054971,NORTH-KANESHIE EAST,NORTH KANESHIE,Arrivals
233121900914,NORTH-KANESHIE EAST,NORTH KANESHIE,BENMP
233391035157,NORTH-KANESHIE EAST,NORTH KANESHIE,Dancing Stars
233684316965,NORTH-KANESHIE EAST,NORTH KANESHIE,Film Stars
233769062462,NORTH-KANESHIE EAST,NORTH KANESHIE,Fragrance
233279643018,NORTH-KANESHIE EAST,NORTH KANESHIE,Greater Love Choir
233603061262,NORTH-KANESHIE EAST,NORTH KANESHIE,Sanctifiers
233725886972,NORTH-KANESHIE EAST,NORTH KANESHIE,Seeing and Hearing
233947146105,NORTH-KANESHIE EAST,NORTH KANESHIE,Telepastors
233427532279,NORTH-KANESHIE EAST,NORTH KANESHIE,Understanding Campaign
233026587732,NORTH-KANESHIE EAST,NORTH KANESHIE,Ushers
233513957412,NORTH-KANESHIE NORTH,NORTH KANESHIE,Arrivals
233306518816,NORTH-KANESHIE NORTH,NORTH KANESHIE,BENMP
233949613052,NORTH-KANESHIE NORTH,NORTH KANESHIE,Dancing Stars
233609010887,NORTH-KANESHIE NORTH,NORTH KANESHIE,Film Stars
233918047585,NORTH-KANESHIE NORTH,NORTH KANESHIE,Fragrance
233899623934,NORTH-KANESHIE NORTH,NORTH KANESHIE,Greater Love Choir
233201335239,NORTH-KANESHIE NORTH,NORTH KANESHIE,Sanctifiers
233659773134,NORTH-KANESHIE NORTH,NORTH KANESHIE,Seeing and Hearing
233009864119,NORTH-KANESHIE NORTH,NORTH KANESHIE,Telepastors
233860656265,NORTH-KANESHIE NORTH,NORTH KANESHIE,Understanding Campaign
233270777806,NORTH-KANESHIE NORTH,NORTH KANESHIE,Ushers
233816322199,NORTH-KANESHIE SOUTH,NORTH KANESHIE,Arrivals
233330293046,NORTH-KANESHIE SOUTH,NORTH KANESHIE,BENMP
233373461117,NORTH-KANESHIE SOUTH,NORTH KANESHIE,Dancing Stars
233734895739,NORTH-KANESHIE SOUTH,NORTH KANESHIE,Film Stars
233654679729,NORTH-KANESHIE SOUTH,NORTH KANESHIE,Fragrance
233505794498,NORTH-KANESHIE SOUTH,NORTH KANESHIE,Greater Love Choir
233997312908,NORTH-KANESHIE SOUTH,NORTH KANESHIE,Sanctifiers
233967994052,NORTH-KANESHIE SOUTH,NORTH KANESHIE,Seeing and Hearing
233035346197,NORTH-KANESHIE SOUTH,NORTH KANESHIE,Telepastors
233132114665,NORTH-KANESHIE SOUTH,NORTH KANESHIE,Understanding Campaign
233630241497,NORTH-KANESHIE SOUTH,NORTH KANESHIE,Ushers
233939473871,NORTH-KANESHIE WEST,NORTH KANESHIE,Arrivals
233682125262,NORTH-KANESHIE WEST,NORTH KANESHIE,BENMP
233902510971,NORTH-KANESHIE WEST,NORTH KANESHIE,Dancing Stars
233700937532,NORTH-KANESHIE WEST,NORTH KANESHIE,Film Stars
233075027345,NORTH-KANESHIE WEST,NORTH KANESHIE,Fragrance
233632207903,NORTH-KANESHIE WEST,NORTH KANESHIE,Greater Love Choir
233004305116,NORTH-KANESHIE WEST,NORTH KANESHIE,Sanctifiers
233361548861,NORTH-KANESHIE WEST,NORTH KANESHIE,Seeing and Hearing
233264205804,NORTH-KANESHIE WEST,NORTH KANESHIE,Telepastors
233007835322,NORTH-KANESHIE WEST,NORTH KANESHIE,Understanding Campaign
233631327307,NORTH-KANESHIE WEST,NORTH KANESHIE,Ushers
233170587443,ODORKOR,ODORKOR,Arrivals
233631997165,ODORKOR,ODORKOR,BENMP
233660870006,ODORKOR,ODORKOR,Dancing Stars
233961620102,ODORKOR,ODORKOR,Film Stars
233617460290,ODORKOR,ODORKOR,Fragrance
233869402843,ODORKOR,ODORKOR,Greater Love Choir
233930704725,ODORKOR,ODORKOR,Sanctifiers
233171216909,ODORKOR,ODORKOR,Seeing and Hearing
233522347122,ODORKOR,ODORKOR,Telepastors
233241729106,ODORKOR,ODORKOR,Understanding Campaign
233593717123,ODORKOR,ODORKOR,Ushers
233735244228,OFANKOR,OFANKOR,Arrivals
233306866393,OFANKOR,OFANKOR,BENMP
233390590509,OFANKOR,OFANKOR,Dancing Stars
233929345590,OFANKOR,OFANKOR,Film Stars
233278716122,OFANKOR,OFANKOR,Fragrance
233120824323,OFANKOR,OFANKOR,Greater Love Choir
233432047099,OFANKOR,OFANKOR,Sanctifiers
233639980401,OFANKOR,OFANKOR,Seeing and Hearing
233173092040,OFANKOR,OFANKOR,Telepastors
233900185949,OFANKOR,OFANKOR,Understanding Campaign
233838630249,OFANKOR,OFANKOR,Ushers
233908070230,OFANKOR 2,OFANKOR,Arrivals
233126810785,OFANKOR 2,OFANKOR,BENMP
233583380130,OFANKOR 2,OFANKOR,Dancing Stars
233060659048,OFANKOR 2,OFANKOR,Film Stars
233637453696,OFANKOR 2,OFANKOR,Fragrance
233575772916,OFANKOR 2,OFANKOR,Greater Love Choir
233404449296,OFANKOR 2,OFANKOR,Sanctifiers
233650436591,OFANKOR 2,OFANKOR,Seeing and Hearing
233064307011,OFANKOR 2,OFANKOR,Telepastors
233041048853,OFANKOR 2,OFANKOR,Understanding Campaign
233119782202,OFANKOR 2,OFANKOR,Ushers
233828327562,OSU_37 COMMUNITY,OSU,Arrivals
233389539632,OSU_37 COMMUNITY,OSU,BENMP
233101537992,OSU_37 COMMUNITY,OSU,Dancing Stars
233676267099,OSU_37 COMMUNITY,OSU,Film Stars
233022738603,OSU_37 COMMUNITY,OSU,Fragrance
233857783146,OSU_37 COMMUNITY,OSU,Greater Love Choir
233045204004,OSU_37 COMMUNITY,OSU,Sanctifiers
233241430673,OSU_37 COMMUNITY,OSU,Seeing and Hearing
233935803077,OSU_37 COMMUNITY,OSU,Telepastors
233338952509,OSU_37 COMMUNITY,OSU,Understanding Campaign
233250790943,OSU_37 COMMUNITY,OSU,Ushers
233013016232,OSU_COMMUNITY,OSU,Arrivals
233132507856,OSU_COMMUNITY,OSU,BENMP
233809082429,OSU_COMMUNITY,OSU,Dancing Stars
233428255461,OSU_COMMUNITY,OSU,Film Stars
233554441375,OSU_COMMUNITY,OSU,Fragrance
233280334628,OSU_COMMUNITY,OSU,Greater Love Choir
233504839285,OSU_COMMUNITY,OSU,Sanctifiers
233632240747,OSU_COMMUNITY,OSU,Seeing and Hearing
233272337063,OSU_COMMUNITY,OSU,Telepastors
233101207699,OSU_COMMUNITY,OSU,Understanding Campaign
233844633104,OSU_COMMUNITY,OSU,Ushers
233127400313,OSU_LA COMMUNITY,OSU,Arrivals
233883201465,OSU_LA COMMUNITY,OSU,BENMP
233372432607,OSU_LA COMMUNITY,OSU,Dancing Stars
233701242432,OSU_LA COMMUNITY,OSU,Film Stars
233685059310,OSU_LA COMMUNITY,OSU,Fragrance
233764942591,OSU_LA COMMUNITY,OSU,Greater Love Choir
233825457953,OSU_LA COMMUNITY,OSU,Sanctifiers
233569932601,OSU_LA COMMUNITY,OSU,Seeing and Hearing
233521557638,OSU_LA COMMUNITY,OSU,Telepastors
233729669699,OSU_LA COMMUNITY,OSU,Understanding Campaign
233630261825,OSU_LA COMMUNITY,OSU,Ushers
233282596187,GHANA FLAG,OYARIFA,Arrivals
233133172378,GHANA FLAG,OYARIFA,BENMP
233826631820,GHANA FLAG,OYARIFA,Dancing Stars
233576661486,GHANA FLAG,OYARIFA,Film Stars
233600773355,GHANA FLAG,OYARIFA,Fragrance
233337941097,GHANA FLAG,OYARIFA,Greater Love Choir
233797548728,GHANA FLAG,OYARIFA,Sanctifiers
233803200155,GHANA FLAG,OYARIFA,Seeing and Hearing
233735683093,GHANA FLAG,OYARIFA,Telepastors
233867198402,GHANA FLAG,OYARIFA,Understanding Campaign
233273628480,GHANA FLAG,OYARIFA,Ushers
233862310835,MADINA,OYARIFA,Arrivals
233385578262,MADINA,OYARIFA,BENMP
233919958400,MADINA,OYARIFA,Dancing Stars
233694583429,MADINA,OYARIFA,Film Stars
233024148188,MADINA,OYARIFA,Fragrance
233332282754,MADINA,OYARIFA,Greater Love Choir
233722694517,MADINA,OYARIFA,Sanctifiers
233141411083,MADINA,OYARIFA,Seeing and Hearing
233752979351,MADINA,OYARIFA,Telepastors
233866816956,MADINA,OYARIFA,Understanding Campaign
233911080882,MADINA,OYARIFA,Ushers
233585369443,OYARIFA MR SMITH,OYARIFA,Arrivals
233827424330,OYARIFA MR SMITH,OYARIFA,BENMP
233851484165,OYARIFA MR SMITH,OYARIFA,Dancing Stars
233422075068,OYARIFA MR SMITH,OYARIFA,Film Stars
233140762553,OYARIFA MR SMITH,OYARIFA,Fragrance
233668562330,OYARIFA MR SMITH,OYARIFA,Greater Love Choir
233859893282,OYARIFA MR SMITH,OYARIFA,Sanctifiers
233185622548,OYARIFA MR SMITH,OYARIFA,Seeing and Hearing
233282497456,OYARIFA MR SMITH,OYARIFA,Telepastors
233188030459,OYARIFA MR SMITH,OYARIFA,Understanding Campaign
233241735937,OYARIFA MR SMITH,OYARIFA,Ushers
233582677702,POKUASE,POKUASE,Arrivals
233214881000,POKUASE,POKUASE,BENMP
233115968582,POKUASE,POKUASE,Dancing Stars
233891757449,POKUASE,POKUASE,Film Stars
233359864129,POKUASE,POKUASE,Fragrance
233897341095,POKUASE,POKUASE,Greater Love Choir
233985941637,POKUASE,POKUASE,Sanctifiers
233409971018,POKUASE,POKUASE,Seeing and Hearing
233844906578,POKUASE,POKUASE,Telepastors
233727044144,POKUASE,POKUASE,Understanding Campaign
233257479597,POKUASE,POKUASE,Ushers
233447686061,RIDGE_ALAJO COMMUNITY,RIDGE,Arrivals
233581042817,RIDGE_ALAJO COMMUNITY,RIDGE,BENMP
233791297302,RIDGE_ALAJO COMMUNITY,RIDGE,Dancing Stars
233319826167,RIDGE_ALAJO COMMUNITY,RIDGE,Film Stars
233033541921,RIDGE_ALAJO COMMUNITY,RIDGE,Fragrance
233352686806,RIDGE_ALAJO COMMUNITY,RIDGE,Greater Love Choir
233175881554,RIDGE_ALAJO COMMUNITY,RIDGE,Sanctifiers
233994776125,RIDGE_ALAJO COMMUNITY,RIDGE,Seeing and Hearing
233332324888,RIDGE_ALAJO COMMUNITY,RIDGE,Telepastors
233420848242,RIDGE_ALAJO COMMUNITY,RIDGE,Understanding Campaign
233285950084,RIDGE_ALAJO COMMUNITY,RIDGE,Ushers
233429155519,RIDGE_KOTOBABI COMMUNITY,RIDGE,Arrivals
233250858803,RIDGE_KOTOBABI COMMUNITY,RIDGE,BENMP
233509113502,RIDGE_KOTOBABI COMMUNITY,RIDGE,Dancing Stars
233646878801,RIDGE_KOTOBABI COMMUNITY,RIDGE,Film Stars
233034181983,RIDGE_KOTOBABI COMMUNITY,RIDGE,Fragrance
233065779943,RIDGE_KOTOBABI COMMUNITY,RIDGE,Greater Love Choir
233823097267,RIDGE_KOTOBABI COMMUNITY,RIDGE,Sanctifiers
233119212468,RIDGE_KOTOBABI COMMUNITY,RIDGE,Seeing and Hearing
233302923446,RIDGE_KOTOBABI COMMUNITY,RIDGE,Telepastors
233664108934,RIDGE_KOTOBABI COMMUNITY,RIDGE,Understanding Campaign
233934456602,RIDGE_KOTOBABI COMMUNITY,RIDGE,Ushers
233771287242,RIDGE_NIMA COMMUNITY,RIDGE,Arrivals
233806512272,RIDGE_NIMA COMMUNITY,RIDGE,BENMP
233010786749,RIDGE_NIMA COMMUNITY,RIDGE,Dancing Stars
233673926668,RIDGE_NIMA COMMUNITY,RIDGE,Film Stars
233956509999,RIDGE_NIMA COMMUNITY,RIDGE,Fragrance
233172268459,RIDGE_NIMA COMMUNITY,RIDGE,Greater Love Choir
233310662973,RIDGE_NIMA COMMUNITY,RIDGE,Sanctifiers
233177805911,RIDGE_NIMA COMMUNITY,RIDGE,Seeing and Hearing
233011582631,RIDGE_NIMA COMMUNITY,RIDGE,Telepastors
233332194871,RIDGE_NIMA COMMUNITY,RIDGE,Understanding Campaign
233696087864,RIDGE_NIMA COMMUNITY,RIDGE,Ushers
233979554525,25 COMMUNITY,SAKI/DAWHENYA,Arrivals
233891695217,25 COMMUNITY,SAKI/DAWHENYA,BENMP
233246701536,25 COMMUNITY,SAKI/DAWHENYA,Dancing Stars
233022722184,25 COMMUNITY,SAKI/DAWHENYA,Film Stars
233726358744,25 COMMUNITY,SAKI/DAWHENYA,Fragrance
233028835445,25 COMMUNITY,SAKI/DAWHENYA,Greater Love Choir
233308987648,25 COMMUNITY,SAKI/DAWHENYA,Sanctifiers
233663153925,25 COMMUNITY,SAKI/DAWHENYA,Seeing and Hearing
233393793883,25 COMMUNITY,SAKI/DAWHENYA,Telepastors
233519764601,25 COMMUNITY,SAKI/DAWHENYA,Understanding Campaign
233983850340,25 COMMUNITY,SAKI/DAWHENYA,Ushers
233604128194,DAWHENYA,SAKI/DAWHENYA,Arrivals
233774877429,DAWHENYA,SAKI/DAWHENYA,BENMP
233621046875,DAWHENYA,SAKI/DAWHENYA,Dancing Stars
233288623962,DAWHENYA,SAKI/DAWHENYA,Film Stars
233106546386,DAWHENYA,SAKI/DAWHENYA,Fragrance
233714812679,DAWHENYA,SAKI/DAWHENYA,Greater Love Choir
233994586877,DAWHENYA,SAKI/DAWHENYA,Sanctifiers
233738551962,DAWHENYA,SAKI/DAWHENYA,Seeing and Hearing
233620763562,DAWHENYA,SAKI/DAWHENYA,Telepastors
233711483708,DAWHENYA,SAKI/DAWHENYA,Understanding Campaign
233545578910,DAWHENYA,SAKI/DAWHENYA,Ushers
233822409640,GBETSILE,SAKI/DAWHENYA,Arrivals
233201067246,GBETSILE,SAKI/DAWHENYA,BENMP
233574626920,GBETSILE,SAKI/DAWHENYA,Dancing Stars
233009867849,GBETSILE,SAKI/DAWHENYA,Film Stars
233002987824,GBETSILE,SAKI/DAWHENYA,Fragrance
233400528906,GBETSILE,SAKI/DAWHENYA,Greater Love Choir
233807823774,GBETSILE,SAKI/DAWHENYA,Sanctifiers
233062557238,GBETSILE,SAKI/DAWHENYA,Seeing and Hearing
233981432023,GBETSILE,SAKI/DAWHENYA,Telepastors
233079835952,GBETSILE,SAKI/DAWHENYA,Understanding Campaign
233582657874,GBETSILE,SAKI/DAWHENYA,Ushers
233284752491,SAKI,SAKI/DAWHENYA,Arrivals
233543340704,SAKI,SAKI/DAWHENYA,BENMP
233935936741,SAKI,SAKI/DAWHENYA,Dancing Stars
233617544328,SAKI,SAKI/DAWHENYA,Film Stars
233626189983,SAKI,SAKI/DAWHENYA,Fragrance
233510942917,SAKI,SAKI/DAWHENYA,Greater Love Choir
233862330410,SAKI,SAKI/DAWHENYA,Sanctifiers
233329616786,SAKI,SAKI/DAWHENYA,Seeing and Hearing
233519226748,SAKI,SAKI/DAWHENYA,Telepastors
233197323335,SAKI,SAKI/DAWHENYA,Understanding Campaign
233015447579,SAKI,SAKI/DAWHENYA,Ushers
233337370534,TEMA,TEMA/ASHAIMAN,Arrivals
233022058990,TEMA,TEMA/ASHAIMAN,BENMP
233096785302,TEMA,TEMA/ASHAIMAN,Dancing Stars
233749584715,TEMA,TEMA/ASHAIMAN,Film Stars
233141133587,TEMA,TEMA/ASHAIMAN,Fragrance
233544260960,TEMA,TEMA/ASHAIMAN,Greater Love Choir
233802120356,TEMA,TEMA/ASHAIMAN,Sanctifiers
233897488960,TEMA,TEMA/ASHAIMAN,Seeing and Hearing
233689429563,TEMA,TEMA/ASHAIMAN,Telepastors
233744724617,TEMA,TEMA/ASHAIMAN,Understanding Campaign
233386614896,TEMA,TEMA/ASHAIMAN,Ushers
233175802205,PALACE,TESHIE/SPINTEX,Arrivals
233787549110,PALACE,TESHIE/SPINTEX,BENMP
233400646620,PALACE,TESHIE/SPINTEX,Dancing Stars
233182269615,PALACE,TESHIE/SPINTEX,Film Stars
233658963372,PALACE,TESHIE/SPINTEX,Fragrance
233647064362,PALACE,TESHIE/SPINTEX,Greater Love Choir
233775392298,PALACE,TESHIE/SPINTEX,Sanctifiers
233488958525,PALACE,TESHIE/SPINTEX,Seeing and Hearing
233318954817,PALACE,TESHIE/SPINTEX,Telepastors
233392266509,PALACE,TESHIE/SPINTEX,Understanding Campaign
233115683687,PALACE,TESHIE/SPINTEX,Ushers
233675631976,SAKUMONO,TESHIE/SPINTEX,Arrivals
233398198450,SAKUMONO,TESHIE/SPINTEX,BENMP
233947448769,SAKUMONO,TESHIE/SPINTEX,Dancing Stars
233601573788,SAKUMONO,TESHIE/SPINTEX,Film Stars
233179613539,SAKUMONO,TESHIE/SPINTEX,Fragrance
233398097991,SAKUMONO,TESHIE/SPINTEX,Greater Love Choir
233749290472,SAKUMONO,TESHIE/SPINTEX,Sanctifiers
233590384295,SAKUMONO,TESHIE/SPINTEX,Seeing and Hearing
233300859711,SAKUMONO,TESHIE/SPINTEX,Telepastors
233220642178,SAKUMONO,TESHIE/SPINTEX,Understanding Campaign
233311012080,SAKUMONO,TESHIE/SPINTEX,Ushers
233377817574,SPINTEX,TESHIE/SPINTEX,Arrivals
233413747177,SPINTEX,TESHIE/SPINTEX,BENMP
233772809658,SPINTEX,TESHIE/SPINTEX,Dancing Stars
233041905996,SPINTEX,TESHIE/SPINTEX,Film Stars
233696291408,SPINTEX,TESHIE/SPINTEX,Fragrance
233210017103,SPINTEX,TESHIE/SPINTEX,Greater Love Choir
233985008025,SPINTEX,TESHIE/SPINTEX,Sanctifiers
233167147263,SPINTEX,TESHIE/SPINTEX,Seeing and Hearing
233488533759,SPINTEX,TESHIE/SPINTEX,Telepastors
233291240802,SPINTEX,TESHIE/SPINTEX,Understanding Campaign
233858121101,SPINTEX,TESHIE/SPINTEX,Ushers
233199653908,AMANOKROM,TUTU/ GYANKAMA/ AHWRASE,Arrivals
233471305048,AMANOKROM,TUTU/ GYANKAMA/ AHWRASE,BENMP
233328624342,AMANOKROM,TUTU/ GYANKAMA/ AHWRASE,Dancing Stars
233759215861,AMANOKROM,TUTU/ GYANKAMA/ AHWRASE,Film Stars
233161794961,AMANOKROM,TUTU/ GYANKAMA/ AHWRASE,Fragrance
233086132420,AMANOKROM,TUTU/ GYANKAMA/ AHWRASE,Greater Love Choir
233369148240,AMANOKROM,TUTU/ GYANKAMA/ AHWRASE,Sanctifiers
233800565360,AMANOKROM,TUTU/ GYANKAMA/ AHWRASE,Seeing and Hearing
233301905634,AMANOKROM,TUTU/ GYANKAMA/ AHWRASE,Telepastors
233810249602,AMANOKROM,TUTU/ GYANKAMA/ AHWRASE,Understanding Campaign
233205690706,AMANOKROM,TUTU/ GYANKAMA/ AHWRASE,Ushers
233090696710,GYANKAMA,TUTU/ GYANKAMA/ AHWRASE,Arrivals
233188096723,GYANKAMA,TUTU/ GYANKAMA/ AHWRASE,BENMP
233382623477,GYANKAMA,TUTU/ GYANKAMA/ AHWRASE,Dancing Stars
233983167530,GYANKAMA,TUTU/ GYANKAMA/ AHWRASE,Film Stars
233201254760,GYANKAMA,TUTU/ GYANKAMA/ AHWRASE,Fragrance
233713948506,GYANKAMA,TUTU/ GYANKAMA/ AHWRASE,Greater Love Choir
233234759872,GYANKAMA,TUTU/ GYANKAMA/ AHWRASE,Sanctifiers
233230441037,GYANKAMA,TUTU/ GYANKAMA/ AHWRASE,Seeing and Hearing
233160882740,GYANKAMA,TUTU/ GYANKAMA/ AHWRASE,Telepastors
233955310478,GYANKAMA,TUTU/ GYANKAMA/ AHWRASE,Understanding Campaign
233055805888,GYANKAMA,TUTU/ GYANKAMA/ AHWRASE,Ushers
233781351843,KWAMOSO,TUTU/ GYANKAMA/ AHWRASE,Arrivals
233255017029,KWAMOSO,TUTU/ GYANKAMA/ AHWRASE,BENMP
233495189522,KWAMOSO,TUTU/ GYANKAMA/ AHWRASE,Dancing Stars
233274214799,KWAMOSO,TUTU/ GYANKAMA/ AHWRASE,Film Stars
233557993221,KWAMOSO,TUTU/ GYANKAMA/ AHWRASE,Fragrance
233678865350,KWAMOSO,TUTU/ GYANKAMA/ AHWRASE,Greater Love Choir
233925998330,KWAMOSO,TUTU/ GYANKAMA/ AHWRASE,Sanctifiers
233585336169,KWAMOSO,TUTU/ GYANKAMA/ AHWRASE,Seeing and Hearing
233790012861,KWAMOSO,TUTU/ GYANKAMA/ AHWRASE,Telepastors
233501870712,KWAMOSO,TUTU/ GYANKAMA/ AHWRASE,Understanding Campaign
233341158580,KWAMOSO,TUTU/ GYANKAMA/ AHWRASE,Ushers
233008389033,WESTLANDS,WESTLANDS,Arrivals
233926004932,WESTLANDS,WESTLANDS,BENMP
233780136804,WESTLANDS,WESTLANDS,Dancing Stars
233829554999,WESTLANDS,WESTLANDS,Film Stars
233174810920,WESTLANDS,WESTLANDS,Fragrance
233477976649,WESTLANDS,WESTLANDS,Greater Love Choir
233819956713,WESTLANDS,WESTLANDS,Sanctifiers
233449502259,WESTLANDS,WESTLANDS,Seeing and Hearing
233842716753,WESTLANDS,WESTLANDS,Telepastors
233211837838,WESTLANDS,WESTLANDS,Understanding Campaign
233265648578,WESTLANDS,WESTLANDS,Ushers
233061030655,WESTLANDS 3,WESTLANDS,Arrivals
233709252862,WESTLANDS 3,WESTLANDS,BENMP
233955008389,WESTLANDS 3,WESTLANDS,Dancing Stars
233982679533,WESTLANDS 3,WESTLANDS,Film Stars
233887327174,WESTLANDS 3,WESTLANDS,Fragrance
233302220229,WESTLANDS 3,WESTLANDS,Greater Love Choir
233436599041,WESTLANDS 3,WESTLANDS,Sanctifiers
233289246783,WESTLANDS 3,WESTLANDS,Seeing and Hearing
233417267357,WESTLANDS 3,WESTLANDS,Telepastors
233079920200,WESTLANDS 3,WESTLANDS,Understanding Campaign
233268617676,WESTLANDS 3,WESTLANDS,Ushers