Whatsapp Number,Sonta,TOWN
233224972237,Arrivals,ABLEKUMA
233705870218,Arrivals,ABOKOBI
233449078838,Arrivals,ABURI/ PEDUASE / KITASE
233729919665,Arrivals,ADABRAKA
233589625306,Arrivals,ADENTA
233253424566,Arrivals,AGBOGBA-ASHONGMAN
233317207432,Arrivals,AGBOGBA/MADINA
233781113535,Arrivals,AKROPONG/ MAMFE/ KWAMOSO
233355213978,Arrivals,AMANOKROM
233327707922,Arrivals,ASHAIMAN
233491963647,Arrivals,ASHALEY BOTWE
233110301176,Arrivals,BRITISH ACCRA
233648496453,Arrivals,DANSOMAN
233920270880,Arrivals,DOME
233102536005,Arrivals,EAST LEGON
233740922696,Arrivals,GBAWE
233309111392,Arrivals,HAATSO
233283869403,Arrivals,KASOA
233762678141,Arrivals,KWABENYA
233453800374,Arrivals,LAPAZ
233235773927,Arrivals,MADINA
233925542303,Arrivals,MADINA TOWNSHIP
233083773435,Arrivals,MAMPONG
233384459383,Arrivals,NORTH KANESHIE
233126111328,Arrivals,ODORKOR
233618320246,Arrivals,OFANKOR
233202056531,Arrivals,OSU
233713709279,Arrivals,OYARIFA
233747802589,Arrivals,OYIBI
233340874654,Arrivals,POKUASE
233763162613,Arrivals,RIDGE
233352190980,Arrivals,SAKI/DAWHENYA
233680463855,Arrivals,TEMA/ASHAIMAN
233499825152,Arrivals,TESHIE/SPINTEX
233421460543,Arrivals,TUTU/ GYANKAMA/ AHWRASE
233851010104,Arrivals,WESTLANDS
233663258732,Greater Love Choir,ABLEKUMA
233262422711,Greater Love Choir,ABOKOBI
233672563035,Greater Love Choir,ABURI/ PEDUASE / KITASE
233878248169,Greater Love Choir,ADABRAKA
233364167895,Greater Love Choir,ADENTA
233648331110,Greater Love Choir,AGBOGBA-ASHONGMAN
233351223823,Greater Love Choir,AGBOGBA/MADINA
233262818859,Greater Love Choir,AKROPONG/ MAMFE/ KWAMOSO
233556532340,Greater Love Choir,AMANOKROM
233986479220,Greater Love Choir,ASHAIMAN
233419107745,Greater Love Choir,ASHALEY BOTWE
233650680819,Greater Love Choir,BRITISH ACCRA
233108752812,Greater Love Choir,DANSOMAN
233087434898,Greater Love Choir,DOME
233157839776,Greater Love Choir,EAST LEGON
233429759949,Greater Love Choir,GBAWE
233324043544,Greater Love Choir,HAATSO
233584701718,Greater Love Choir,KASOA
233608360234,Greater Love Choir,KWABENYA
233542480743,Greater Love Choir,LAPAZ
233456588969,Greater Love Choir,MADINA
233835890972,Greater Love Choir,MADINA TOWNSHIP
233559775880,Greater Love Choir,MAMPONG
233475258412,Greater Love Choir,NORTH KANESHIE
233956378865,Greater Love Choir,ODORKOR
233222758262,Greater Love Choir,OFANKOR
233317788769,Greater Love Choir,OSU
233723869529,Greater Love Choir,OYARIFA
233704858767,Greater Love Choir,OYIBI
233636341552,Greater Love Choir,POKUASE
233612126319,Greater Love Choir,RIDGE
233352749437,Greater Love Choir,SAKI/DAWHENYA
233602759605,Greater Love Choir,TEMA/ASHAIMAN
233142570722,Greater Love Choir,TESHIE/SPINTEX
233307270250,Greater Love Choir,TUTU/ GYANKAMA/ AHWRASE
233880428416,Greater Love Choir,WESTLANDS
233708991256,Dancing Stars,ABLEKUMA
233674991536,Dancing Stars,ABOKOBI
233729566866,Dancing Stars,ABURI/ PEDUASE / KITASE
233472370657,Dancing Stars,ADABRAKA
233203873554,Dancing Stars,ADENTA
233001210936,Dancing Stars,AGBOGBA-ASHONGMAN
233330334516,Dancing Stars,AGBOGBA/MADINA
233973846090,Dancing Stars,AKROPONG/ MAMFE/ KWAMOSO
233973875918,Dancing Stars,AMANOKROM
233925108714,Dancing Stars,ASHAIMAN
233298168287,Dancing Stars,ASHALEY BOTWE
233671346659,Dancing Stars,BRITISH ACCRA
233104808581,Dancing Stars,DANSOMAN
233764919980,Dancing Stars,DOME
233035670803,Dancing Stars,EAST LEGON
233709727091,Dancing Stars,GBAWE
233811578525,Dancing Stars,HAATSO
233219645288,Dancing Stars,KASOA
233581778641,Dancing Stars,KWABENYA
233429683906,Dancing Stars,LAPAZ
233217119759,Dancing Stars,MADINA
233739797879,Dancing Stars,MADINA TOWNSHIP
233355135692,Dancing Stars,MAMPONG
233017765774,Dancing Stars,NORTH KANESHIE
233605043922,Dancing Stars,ODORKOR
233229486974,Dancing Stars,OFANKOR
233711098594,Dancing Stars,OSU
233879416973,Dancing Stars,OYARIFA
233724551262,Dancing Stars,OYIBI
233340174149,Dancing Stars,POKUASE
233441043198,Dancing Stars,RIDGE
233413351555,Dancing Stars,SAKI/DAWHENYA
233368604873,Dancing Stars,TEMA/ASHAIMAN
233907151290,Dancing Stars,TESHIE/SPINTEX
233697044625,Dancing Stars,TUTU/ GYANKAMA/ AHWRASE
233681323218,Dancing Stars,WESTLANDS
233557437791,Sanctifiers,ABLEKUMA
233197429390,Sanctifiers,ABOKOBI
233730303823,Sanctifiers,ABURI/ PEDUASE / KITASE
233531469337,Sanctifiers,ADABRAKA
233683994900,Sanctifiers,ADENTA
233333256660,Sanctifiers,AGBOGBA-ASHONGMAN
233384794681,Sanctifiers,AGBOGBA/MADINA
233289214264,Sanctifiers,AKROPONG/ MAMFE/ KWAMOSO
233020624946,Sanctifiers,AMANOKROM
233612676287,Sanctifiers,ASHAIMAN
233453008143,Sanctifiers,ASHALEY BOTWE
233096654964,Sanctifiers,BRITISH ACCRA
233100368057,Sanctifiers,DANSOMAN
233613442734,Sanctifiers,DOME
233350512700,Sanctifiers,EAST LEGON
233872686664,Sanctifiers,GBAWE
233769600659,Sanctifiers,HAATSO
233530613010,Sanctifiers,KASOA
233903591628,Sanctifiers,KWABENYA
233015668938,Sanctifiers,LAPAZ
233891879125,Sanctifiers,MADINA
233900755913,Sanctifiers,MADINA TOWNSHIP
233256382598,Sanctifiers,MAMPONG
233982956161,Sanctifiers,NORTH KANESHIE
233485948969,Sanctifiers,ODORKOR
233878582379,Sanctifiers,OFANKOR
233269659847,Sanctifiers,OSU
233746628584,Sanctifiers,OYARIFA
233840473206,Sanctifiers,OYIBI
233430920759,Sanctifiers,POKUASE
233675859468,Sanctifiers,RIDGE
233258541471,Sanctifiers,SAKI/DAWHENYA
233732307379,Sanctifiers,TEMA/ASHAIMAN
233321946436,Sanctifiers,TESHIE/SPINTEX
233818171449,Sanctifiers,TUTU/ GYANKAMA/ AHWRASE
233766577605,Sanctifiers,WESTLANDS
233939001148,BENMP,ABLEKUMA
233720883630,BENMP,ABOKOBI
233925887472,BENMP,ABURI/ PEDUASE / KITASE
233992684413,BENMP,ADABRAKA
233885235093,BENMP,ADENTA
233038023895,BENMP,AGBOGBA-ASHONGMAN
233855011659,BENMP,AGBOGBA/MADINA
233262999092,BENMP,AKROPONG/ MAMFE/ KWAMOSO
233385664353,BENMP,AMANOKROM
233617838313,BENMP,ASHAIMAN
233238625604,BENMP,ASHALEY BOTWE
233900811606,BENMP,BRITISH ACCRA
233418431932,BENMP,DANSOMAN
233883816941,BENMP,DOME
233643264286,BENMP,EAST LEGON
233309942508,BENMP,GBAWE
233409098042,BENMP,HAATSO
233588567669,BENMP,KASOA
233716057822,BENMP,KWABENYA
233928731372,BENMP,LAPAZ
233310517586,BENMP,MADINA
233206104510,BENMP,MADINA TOWNSHIP
233485411203,BENMP,MAMPONG
233323081860,BENMP,NORTH KANESHIE
233145913812,BENMP,ODORKOR
233666591905,BENMP,OFANKOR
233236998899,BENMP,OSU
233062145399,BENMP,OYARIFA
233228761780,BENMP,OYIBI
233881938500,BENMP,POKUASE
233490677782,BENMP,RIDGE
233536412859,BENMP,SAKI/DAWHENYA
233780288134,BENMP,TEMA/ASHAIMAN
233752995064,BENMP,TESHIE/SPINTEX
233303312011,BENMP,TUTU/ GYANKAMA/ AHWRASE
233250138135,BENMP,WESTLANDS
233649445390,Film Stars,ABLEKUMA
233814919695,Film Stars,ABOKOBI
233591388619,Film Stars,ABURI/ PEDUASE / KITASE
233444564705,Film Stars,ADABRAKA
233946086047,Film Stars,ADENTA
233392312079,Film Stars,AGBOGBA-ASHONGMAN
233709725118,Film Stars,AGBOGBA/MADINA
233215911551,Film Stars,AKROPONG/ MAMFE/ KWAMOSO
233352999356,Film Stars,AMANOKROM
233835209656,Film Stars,ASHAIMAN
233054696208,Film Stars,ASHALEY BOTWE
233355645751,Film Stars,BRITISH ACCRA
233547277843,Film Stars,DANSOMAN
233643226489,Film Stars,DOME
233496238194,Film Stars,EAST LEGON
233670366690,Film Stars,GBAWE
233231515578,Film Stars,HAATSO
233437590022,Film Stars,KASOA
233829666850,Film Stars,KWABENYA
233244246422,Film Stars,LAPAZ
233952094889,Film Stars,MADINA
233230044203,Film Stars,MADINA TOWNSHIP
233656168209,Film Stars,MAMPONG
233244268894,Film Stars,NORTH KANESHIE
233626900884,Film Stars,ODORKOR
233113491202,Film Stars,OFANKOR
233450134553,Film Stars,OSU
233486616215,Film Stars,OYARIFA
233583442747,Film Stars,OYIBI
233053431657,Film Stars,POKUASE
233903078099,Film Stars,RIDGE
233969032652,Film Stars,SAKI/DAWHENYA
233602782817,Film Stars,TEMA/ASHAIMAN
233833720524,Film Stars,TESHIE/SPINTEX
233592616890,Film Stars,TUTU/ GYANKAMA/ AHWRASE
233008808040,Film Stars,WESTLANDS
233111102835,Seeing and Hearing,ABLEKUMA
233096402798,Seeing and Hearing,ABOKOBI
233348159616,Seeing and Hearing,ABURI/ PEDUASE / KITASE
233771701753,Seeing and Hearing,ADABRAKA
233702471104,Seeing and Hearing,ADENTA
233771651948,Seeing and Hearing,AGBOGBA-ASHONGMAN
233674194143,Seeing and Hearing,AGBOGBA/MADINA
233020176248,Seeing and Hearing,AKROPONG/ MAMFE/ KWAMOSO
233805092492,Seeing and Hearing,AMANOKROM
233558076063,Seeing and Hearing,ASHAIMAN
233806139454,Seeing and Hearing,ASHALEY BOTWE
233114661966,Seeing and Hearing,BRITISH ACCRA
233226151481,Seeing and Hearing,DANSOMAN
233084127521,Seeing and Hearing,DOME
233642588025,Seeing and Hearing,EAST LEGON
233793587520,Seeing and Hearing,GBAWE
233845799688,Seeing and Hearing,HAATSO
233993150568,Seeing and Hearing,KASOA
233821525295,Seeing and Hearing,KWABENYA
233895629204,Seeing and Hearing,LAPAZ
233407683951,Seeing and Hearing,MADINA
233779993958,Seeing and Hearing,MADINA TOWNSHIP
233572276712,Seeing and Hearing,MAMPONG
233912161382,Seeing and Hearing,NORTH KANESHIE
233463827478,Seeing and Hearing,ODORKOR
233663193031,Seeing and Hearing,OFANKOR
233816315021,Seeing and Hearing,OSU
233652250614,Seeing and Hearing,OYARIFA
233299729722,Seeing and Hearing,OYIBI
233674101520,Seeing and Hearing,POKUASE
233895116914,Seeing and Hearing,RIDGE
233327378505,Seeing and Hearing,SAKI/DAWHENYA
233390926419,Seeing and Hearing,TEMA/ASHAIMAN
233250664803,Seeing and Hearing,TESHIE/SPINTEX
233757346025,Seeing and Hearing,TUTU/ GYANKAMA/ AHWRASE
233646126213,Seeing and Hearing,WESTLANDS
233698457875,Telepastors,ABLEKUMA
233425365369,Telepastors,ABOKOBI
233242710106,Telepastors,ABURI/ PEDUASE / KITASE
233204177206,Telepastors,ADABRAKA
233054329328,Telepastors,ADENTA
233770092753,Telepastors,AGBOGBA-ASHONGMAN
233405375182,Telepastors,AGBOGBA/MADINA
233060958913,Telepastors,AKROPONG/ MAMFE/ KWAMOSO
233334738029,Telepastors,AMANOKROM
233805882629,Telepastors,ASHAIMAN
233449277548,Telepastors,ASHALEY BOTWE
233912193836,Telepastors,BRITISH ACCRA
233509417534,Telepastors,DANSOMAN
233509375059,Telepastors,DOME
233108867602,Telepastors,EAST LEGON
233778245659,Telepastors,GBAWE
233874230397,Telepastors,HAATSO
233344410565,Telepastors,KASOA
233902174734,Telepastors,KWABENYA
233985135316,Telepastors,LAPAZ
233083373221,Telepastors,MADINA
233073903777,Telepastors,MADINA TOWNSHIP
233369293317,Telepastors,MAMPONG
233525361887,Telepastors,NORTH KANESHIE
233704594583,Telepastors,ODORKOR
233260388825,Telepastors,OFANKOR
233650970280,Telepastors,OSU
233232063405,Telepastors,OYARIFA
233414641222,Telepastors,OYIBI
233886125186,Telepastors,POKUASE
233719503468,Telepastors,RIDGE
233336575512,Telepastors,SAKI/DAWHENYA
233636656285,Telepastors,TEMA/ASHAIMAN
233402615943,Telepastors,TESHIE/SPINTEX
233867200567,Telepastors,TUTU/ GYANKAMA/ AHWRASE
233277248225,Telepastors,WESTLANDS
233813301333,Understanding Campaign,ABLEKUMA
233252946780,Understanding Campaign,ABOKOBI
233893475020,Understanding Campaign,ABURI/ PEDUASE / KITASE
233175876930,Understanding Campaign,ADABRAKA
233431994284,Understanding Campaign,ADENTA
233959868126,Understanding Campaign,AGBOGBA-ASHONGMAN
233037031718,Understanding Campaign,AGBOGBA/MADINA
233087619733,Understanding Campaign,AKROPONG/ MAMFE/ KWAMOSO
233190920559,Understanding Campaign,AMANOKROM
233563522647,Understanding Campaign,ASHAIMAN
233529576506,Understanding Campaign,ASHALEY BOTWE
233908968321,Understanding Campaign,BRITISH ACCRA
233717531898,Understanding Campaign,DANSOMAN
233854099537,Understanding Campaign,DOME
233317223194,Understanding Campaign,EAST LEGON
233493632191,Understanding Campaign,GBAWE
233962723347,Understanding Campaign,HAATSO
233663608019,Understanding Campaign,KASOA
233737230918,Understanding Campaign,KWABENYA
233119301914,Understanding Campaign,LAPAZ
233862865960,Understanding Campaign,MADINA
233100853156,Understanding Campaign,MADINA TOWNSHIP
233947765987,Understanding Campaign,MAMPONG
233884466956,Understanding Campaign,NORTH KANESHIE
233174628248,Understanding Campaign,ODORKOR
233239237598,Understanding Campaign,OFANKOR
233177743518,Understanding Campaign,OSU
233296446163,Understanding Campaign,OYARIFA
233258850671,Understanding Campaign,OYIBI
233203328380,Understanding Campaign,POKUASE
233919643996,Understanding Campaign,RIDGE
233737690492,Understanding Campaign,SAKI/DAWHENYA
233629334313,Understanding Campaign,TEMA/ASHAIMAN
233785875619,Understanding Campaign,TESHIE/SPINTEX
233034187218,Understanding Campaign,TUTU/ GYANKAMA/ AHWRASE
233632876792,Understanding Campaign,WESTLANDS
233535496160,Ushers,ABLEKUMA
233705349935,Ushers,ABOKOBI
233126464756,Ushers,ABURI/ PEDUASE / KITASE
233643370368,Ushers,ADABRAKA
233160667171,Ushers,ADENTA
233447788984,Ushers,AGBOGBA-ASHONGMAN
233190273640,Ushers,AGBOGBA/MADINA
233289704840,Ushers,AKROPONG/ MAMFE/ KWAMOSO
233665784135,Ushers,AMANOKROM
233374358525,Ushers,ASHAIMAN
233093433829,Ushers,ASHALEY BOTWE
233980614418,Ushers,BRITISH ACCRA
233168662802,Ushers,DANSOMAN
233732243428,Ushers,DOME
233289595671,Ushers,EAST LEGON
233952153203,Ushers,GBAWE
233435933742,Ushers,HAATSO
233680570582,Ushers,KASOA
233118727918,Ushers,KWABENYA
233014675121,Ushers,LAPAZ
233241673720,Ushers,MADINA
233988308606,Ushers,MADINA TOWNSHIP
233788903391,Ushers,MAMPONG
233582805617,Ushers,NORTH KANESHIE
233479424370,Ushers,ODORKOR
233753390044,Ushers,OFANKOR
233470459698,Ushers,OSU
233165243296,Ushers,OYARIFA
233298675765,Ushers,OYIBI
233023724002,Ushers,POKUASE
233957440340,Ushers,RIDGE
233101608519,Ushers,SAKI/DAWHENYA
233898640799,Ushers,TEMA/ASHAIMAN
233878068392,Ushers,TESHIE/SPINTEX
233078690336,Ushers,TUTU/ GYANKAMA/ AHWRASE
233318564943,Ushers,WESTLANDS